{"successful_results": [{"duration": 2.002, "pause_count": 0, "pause_duration": 0.9779999999999998, "pause_rate": 0.0, "pitch_mean": 718.52587890625, "pitch_std": 694.2138061523438, "speech_rate_acoustic": 4.495504495504496, "spectral_centroid": 1407.1036946744493, "spectral_rolloff": 2932.9117063492063, "jitter": 4.2908336154413975, "shimmer": 1.0382356643676758, "mfcc_1_mean": -320.9286193847656, "mfcc_1_std": 137.70059204101562, "mfcc_2_mean": 99.3425064086914, "mfcc_2_std": 24.145832061767578, "mfcc_3_mean": 13.585084915161133, "mfcc_3_std": 26.984432220458984, "mfcc_4_mean": 30.10807991027832, "mfcc_4_std": 23.6995792388916, "mfcc_5_mean": 2.2452430725097656, "mfcc_5_std": 26.681629180908203, "mfcc_6_mean": -6.493820667266846, "mfcc_6_std": 15.247373580932617, "mfcc_7_mean": -0.5742381811141968, "mfcc_7_std": 7.842850685119629, "mfcc_8_mean": -11.18226146697998, "mfcc_8_std": 12.534442901611328, "mfcc_9_mean": -10.092662811279297, "mfcc_9_std": 10.49262523651123, "mfcc_10_mean": -13.674298286437988, "mfcc_10_std": 9.505102157592773, "mfcc_11_mean": -1.007616639137268, "mfcc_11_std": 7.866459369659424, "mfcc_12_mean": -11.865166664123535, "mfcc_12_std": 5.964226245880127, "mfcc_13_mean": -9.350987434387207, "mfcc_13_std": 9.450186729431152, "word_count": 3, "sentence_count": 1, "avg_words_per_sentence": 3.0, "hesitation_rate": 0.0, "type_token_ratio": 1.0, "unique_word_ratio": 1.0, "content_word_ratio": 0.3333333333333333, "unique_content_ratio": 1.0, "filler_word_ratio": 0.0, "proper_noun_ratio": 0.0, "coherence_score": 1.0, "sentence_completion": 1.0, "wpm": 89.91008991008992, "substitution_score": 0.0, "word_finding_difficulty": 0.0, "incomplete_sentences": 1.0, "risk_score": 45.994005994005995, "sample_id": "1001_IOM_HAP_XX.wav", "processed_at": "2025-04-18T18:53:14.316965"}, {"duration": 2.1688125, "pause_count": 0, "pause_duration": 1.3688125, "pause_rate": 0.0, "pitch_mean": 992.5744018554688, "pitch_std": 874.6411743164062, "speech_rate_acoustic": 3.227572692429613, "spectral_centroid": 1489.0888385250785, "spectral_rolloff": 3030.215992647059, "jitter": 10.32629638285659, "shimmer": 1.3412530422210693, "mfcc_1_mean": -321.4202575683594, "mfcc_1_std": 164.9805145263672, "mfcc_2_mean": 94.76091003417969, "mfcc_2_std": 22.24911117553711, "mfcc_3_mean": 8.155397415161133, "mfcc_3_std": 32.150299072265625, "mfcc_4_mean": 23.3232421875, "mfcc_4_std": 17.628509521484375, "mfcc_5_mean": 11.719156265258789, "mfcc_5_std": 14.490704536437988, "mfcc_6_mean": -7.116331100463867, "mfcc_6_std": 19.071834564208984, "mfcc_7_mean": -8.53480339050293, "mfcc_7_std": 14.264280319213867, "mfcc_8_mean": -4.9969658851623535, "mfcc_8_std": 10.30260944366455, "mfcc_9_mean": -4.994399547576904, "mfcc_9_std": 6.190023422241211, "mfcc_10_mean": -13.706509590148926, "mfcc_10_std": 9.073347091674805, "mfcc_11_mean": -3.3574132919311523, "mfcc_11_std": 6.163701057434082, "mfcc_12_mean": -8.45417308807373, "mfcc_12_std": 5.754076957702637, "mfcc_13_mean": -6.561941146850586, "mfcc_13_std": 5.820578098297119, "word_count": 3, "sentence_count": 1, "avg_words_per_sentence": 3.0, "hesitation_rate": 0.0, "type_token_ratio": 1.0, "unique_word_ratio": 1.0, "content_word_ratio": 1.0, "unique_content_ratio": 1.0, "filler_word_ratio": 0.0, "proper_noun_ratio": 0.0, "coherence_score": 1.0, "sentence_completion": 1.0, "wpm": 82.99472637676148, "substitution_score": 0.0, "word_finding_difficulty": 0.0, "incomplete_sentences": 1.0, "risk_score": 45.53298175845077, "sample_id": "1001_DFA_FEA_XX.wav", "processed_at": "2025-04-18T18:53:16.425693"}, {"duration": 2.2755625, "pause_count": 0, "pause_duration": 1.1555624999999998, "pause_rate": 0.0, "pitch_mean": 1211.95068359375, "pitch_std": 1009.3468627929688, "speech_rate_acoustic": 5.273421406795023, "spectral_centroid": 1584.993071178776, "spectral_rolloff": 3218.5329861111113, "jitter": 6.266901284773344, "shimmer": 1.1564648151397705, "mfcc_1_mean": -306.02740478515625, "mfcc_1_std": 159.3903350830078, "mfcc_2_mean": 92.67023468017578, "mfcc_2_std": 28.411352157592773, "mfcc_3_mean": 8.491311073303223, "mfcc_3_std": 32.85379409790039, "mfcc_4_mean": 23.965402603149414, "mfcc_4_std": 18.576997756958008, "mfcc_5_mean": 7.477992534637451, "mfcc_5_std": 17.579238891601562, "mfcc_6_mean": -5.759455680847168, "mfcc_6_std": 18.02971649169922, "mfcc_7_mean": -11.883089065551758, "mfcc_7_std": 15.681951522827148, "mfcc_8_mean": -9.676735877990723, "mfcc_8_std": 16.126401901245117, "mfcc_9_mean": -3.99674654006958, "mfcc_9_std": 6.8317484855651855, "mfcc_10_mean": -13.352564811706543, "mfcc_10_std": 7.567708492279053, "mfcc_11_mean": 0.408197283744812, "mfcc_11_std": 7.51952600479126, "mfcc_12_mean": -9.70948600769043, "mfcc_12_std": 7.945254802703857, "mfcc_13_mean": -6.127124309539795, "mfcc_13_std": 6.322870254516602, "word_count": 5, "sentence_count": 1, "avg_words_per_sentence": 5.0, "hesitation_rate": 0.0, "type_token_ratio": 1.0, "unique_word_ratio": 1.0, "content_word_ratio": 0.4, "unique_content_ratio": 1.0, "filler_word_ratio": 0.0, "proper_noun_ratio": 0.0, "coherence_score": 1.0, "sentence_completion": 1.0, "wpm": 131.83553516987558, "substitution_score": 1.0, "word_finding_difficulty": 0.0, "incomplete_sentences": 1.0, "risk_score": 60.789035677991706, "sample_id": "1001_DFA_ANG_XX.wav", "processed_at": "2025-04-18T18:53:19.419573"}], "failed_files": []}